club,title,company_number,status,incorporated,address
Arsenal,THE ARSENAL FOOTBALL CLUB LIMITED,00109244,active,1910-04-26,"Highbury House, 75 Drayton Park, London, N5 1BU"
Arsenal,ARSENAL WOMEN FOOTBALL CLUB LIMITED,03013967,active,1995-01-25,"Highbury House, 75 Drayton Park, London, N5 1BU"
Arsenal,"THE WOOLWICH ARSENAL FOOTBALL AND ATHLETIC COMPANY, LIMITED",08846758,active,2014-01-15,"86 Tudor Way, Hertford, SG14 2DS"
Arsenal,FOOTBALLWEBWATCH - ARSENAL LIMITED,09175100,dissolved,2014-08-14,"186 High Street Winslow, Buckingham, England, MK18 3DQ"
Arsenal,ARSENAL YACHT CLUB LIMITED,09797061,dissolved,2015-09-28,"Chase Business Centre, 39-41 Chase Side, London, England, N1"
Arsenal,WOOLWICH ARSENAL FOOTBALL AND ATHLETIC COMPANY LIMITED,07564846,dissolved,2011-03-15,"4 Granville House, Rushcroft Road, Brixton, London, England,"
Arsenal,A&K FOOTBALL AND EDUCATION COMMUNITY CLUB C.I.C.,14858413,active,2023-05-10,"3rd Floor,  1 Temple Square, 24 Dale Street, Liverpool, Engl"
Arsenal,ABBEY RANGERS FOOTBALL CLUB LTD,17035995,active,2026-02-16,"The Addlestone Moor, Addlestone Moor, Addlestone, Surrey, Un"
Arsenal,ABERAVON & PORT TALBOT RUGBY FOOTBALL CLUB LIMITED,04180072,active,2001-03-15,"Talbot Athletic Ground, Manor Street, Port Talbot, West Glam"
Arsenal,ABERAVON GREEN STARS RUGBY FOOTBALL CLUB LIMITED,11910590,active,2019-03-28,"The Pavilion, Darwin Road, Port Talbot, Neath/Port Talbot, U"
Aston Villa,ASTON VILLA FOOTBALL CLUB LIMITED,03375789,active,1997-05-20,"Villa Park Trinity Road, Aston, Birmingham, West Midlands, B"
Aston Villa,ASTON VILLA WOMEN'S FOOTBALL CLUB LIMITED,08414046,active,2013-02-21,"Villa Park, Trinity Road, Birmingham, B6 6HE"
Aston Villa,ASTON VILLA FORMER PLAYERS CLUB,14847477,active,2023-05-04,"Villa Park, Birmingham, West Midlands, United Kingdom, B6 6H"
Aston Villa,ASTON UNITED FOOTBALL CLUB LTD,10527935,dissolved,2016-12-15,"16 Jubilee Parkway Jubilee Business Park, Derby, Derbyshire,"
Aston Villa,BYFLEET VILLAGE FOOTBALL CLUB LTD,16507794,active,2025-06-10,"106 Castlesteads Drive, Carlisle, United Kingdom, CA2 7XD"
Aston Villa,EUXTON VILLA FOOTBALL CLUB,14515651,active,2022-11-30,"Design House, Preston Road, Charnock Richard, Lancashire, PR"
Aston Villa,EUXTON VILLA FOOTBALL CLUB (TRADING) LIMITED,14552923,active,2022-12-21,"Design House, Preston Road, Charnock Richard, Lancashire, PR"
Aston Villa,GARFORTH VILLA FOOTBALL CLUB LIMITED,12750062,active,2020-07-17,"4 Lidgett Lane, Garforth, Leeds, England, LS25 1EQ"
Aston Villa,MONTPELIER VILLA COMMUNITY FOOTBALL CLUB LIMITED,RS008626,,,
Aston Villa,PAIGNTON VILLA FOOTBALL CLUB LTD,13113505,active,2021-01-05,"13 Hyde Road, Paignton, Devon, United Kingdom, TQ4 5BW"
Bournemouth,BOURNEMOUTH FOOTBALL CLUB LIMITED,02393821,active,1989-06-09,"Victoria Park, Namu Road, Winton, Bournemouth"
Bournemouth,BOURNEMOUTH BALLERS HOLIDAY FOOTBALL CLUB LTD,17161927,active,2026-04-16,"9 Burleigh Road, Bournemouth, England, BH6 5DU"
Bournemouth,BOURNEMOUTH RUGBY FOOTBALL CLUB LIMITED,09104442,active,2014-06-26,"Chapel Gate, Bournemouth, Dorset, BH23 6BL"
Bournemouth,BOURNEMOUTH RUGBY FOOTBALL CLUB HOLDINGS LTD,16433586,active,2025-05-07,"Jersey Lodge Ibsley Drove, Ibsley, Ringwood, England, BH24 3"
Bournemouth,BOURNEMOUTH & BOSCOMBE ATHLETIC COMMUNITY FOOTBALL CLUB LIMITED,03333372,dissolved,1997-03-14,"Glendevon House Hawthorn Park, Coal Road, Leeds, West Yorksh"
Bournemouth,BOURNEMOUTH & BOSCOMBE ATHLETIC FOOTBALL CLUB COMPANY LIMITED(THE),00137401,dissolved,1914-08-13,"31 Carlton Crescent, Southampton, SO15 2EW"
Bournemouth,FOOTBALL ACADEMY BOURNEMOUTH LTD,16437662,active,2025-05-08,"2 Grantham Road, Bournemouth, England, BH1 4NW"
Bournemouth,FOOTBALL ACADEMY BOURNEMOUTH LIMITED,13180827,dissolved,2021-02-04,"98 The Mount, Ringwood, England, BH24 1XZ"
Bournemouth,ARENA BOURNEMOUTH AMATEUR BOXING CLUB,CE036437,,,
Bournemouth,BOURNEMOUTH AND BOSCOMBE ROYAL BRITISH LEGION CLUB LIMITED,IP09695R,converted-closed,,
Brentford,BRENTFORD FOOTBALL COMMUNITY SOCIETY LIMITED,IP29244R,active,,
Brentford,BRENTFORD BOAT CLUB,15341252,active,2023-12-10,"The Vicarage, Priory Gardens, London, England, W4 1TT"
Brentford,BRENTFORD CONSERVATIVE CLUB LIMITED,IP16576R,converted-closed,,
Brentford,BRENTFORD MASTERS ROWING CLUB LIMITED,15232327,active,2023-10-24,"11 Eastbourne Road, London, United Kingdom, W4 3EB"
Brentford,MINRA GYMNASTICS CLUB LTD,14402868,active,2022-10-06,"10 Linslade Close, Hounslow, England, TW4 5BT"
Brentford,T-BRE LIMITED,04677840,active,2003-02-25,"3 Roundhead Road, Theale, Reading, England, RG7 5DL"
Brentford,A&K FOOTBALL AND EDUCATION COMMUNITY CLUB C.I.C.,14858413,active,2023-05-10,"3rd Floor,  1 Temple Square, 24 Dale Street, Liverpool, Engl"
Brentford,ABBEY RANGERS FOOTBALL CLUB LTD,17035995,active,2026-02-16,"The Addlestone Moor, Addlestone Moor, Addlestone, Surrey, Un"
Brentford,ABERAVON & PORT TALBOT RUGBY FOOTBALL CLUB LIMITED,04180072,active,2001-03-15,"Talbot Athletic Ground, Manor Street, Port Talbot, West Glam"
Brentford,ABERAVON GREEN STARS RUGBY FOOTBALL CLUB LIMITED,11910590,active,2019-03-28,"The Pavilion, Darwin Road, Port Talbot, Neath/Port Talbot, U"
Brighton,"BRIGHTON AND HOVE ALBION FOOTBALL CLUB,LIMITED(THE)",00081077,active,1904-05-27,"American Express Stadium, Village Way, Brighton, East Sussex"
Brighton,BRIGHTON & HOVE ALBION WOMEN'S FOOTBALL CLUB LIMITED,10266716,active,2016-07-07,"American Express Stadium, Village Way, Brighton, East Sussex"
Brighton,BRIGHTON AND HOVE SEA SERPENTS RUGBY FOOTBALL CLUB LIMITED,15803777,active,2024-06-26,"10 Penland Close, Haywards Heath, England, RH16 1PR"
Brighton,BRIGHTON CITY FOOTBALL CLUB LIMITED,07783535,active,2011-09-22,"2/4 Ash Lane, Rustington, West Sussex, England, BN16 3BZ"
Brighton,THE BRIGHTON FOOTBALL CLUB [R.F.U.] LIMITED,IP29414R,active,,
Brighton,NEW BRIGHTON VILLA FOOTBALL CLUB CIC,12690978,dissolved,2020-06-23,"2 Hilliards Court, Chester Business Park, Chester, Cheshire,"
Brighton,BRIGHTON GALAXY GIRLS FOOTBALL ACADEMY LTD,14765287,active,2023-03-28,"C/O Walpole Harding, Citibase Brighton, 95 Ditchling Road, B"
Brighton,A&K FOOTBALL AND EDUCATION COMMUNITY CLUB C.I.C.,14858413,active,2023-05-10,"3rd Floor,  1 Temple Square, 24 Dale Street, Liverpool, Engl"
Brighton,ABBEY RANGERS FOOTBALL CLUB LTD,17035995,active,2026-02-16,"The Addlestone Moor, Addlestone Moor, Addlestone, Surrey, Un"
Brighton,ABERAVON & PORT TALBOT RUGBY FOOTBALL CLUB LIMITED,04180072,active,2001-03-15,"Talbot Athletic Ground, Manor Street, Port Talbot, West Glam"
Burnley,TRACE 365 LIMITED,11155148,dissolved,2018-01-17,"20-22 Wenlock Road, London, England, N1 7GU"
Burnley,BURNLEY FOOTBALL CLUB COMMUNITY SPORTS TRUST,03900281,dissolved,1999-12-29,"Turf Moor, Harry Potts Way, Burnley, Lancashire, BB10 4BX"
Burnley,"BURNLEY FOOTBALL & ATHLETIC COMPANY,LIMITED(THE)",00054222,active,1897-09-29,"Turf Moor, Burnley, Lancashire, BB10 4BX"
Burnley,BURNLEY AND DISTRICT BLIND AND VISUALLY IMPAIRED CLUB (CIO),CE020599,converted-closed,,
Burnley,BURNLEY AND PENDLE BRANCH OF THE WORKING MEN'S CLUB & INSTITUTE UNION LIMITED,IP09370R,active,,
Burnley,BURNLEY CRICKET CLUB CIC,00200977,active,1924-10-13,"Turf Moor, Belvedere Road, Burnley, Lancashire, United Kingd"
Burnley,BURNLEY CRICKET CLUB (BAR) LIMITED,05656668,active,2005-12-16,"Turf Moor, Belvedere Road, Burnley, Lancashire, United Kingd"
Burnley,BURNLEY LEAGUE SOCIAL CLUB LIMITED,IP030518,converted-closed,,
Burnley,BURNLEY LIONS CLUB (CIO),CE016121,,,
Burnley,BURNLEY PADEL CLUB LIMITED,12479956,active,2020-02-24,"1 Bond Street, Colne, Lancashire, United Kingdom, BB8 9DG"
Cardiff City,CARDIFF CITY FOOTBALL CLUB LIMITED,00109065,active,1910-04-21,"Cardiff City Stadium, Leckwith Road, Cardiff, CF11 8AZ"
Cardiff City,CARDIFF CITY FOOTBALL CLUB (HOLDINGS) LIMITED,04044254,active,2000-08-01,"Cardiff City Stadium, Leckwith Road, Cardiff, CF11 8AZ"
Cardiff City,CARDIFF CITY LADIES FOOTBALL CLUB TRUSTEES LTD,15169114,active,2023-09-27,"33 Avondale Gardens, Cardiff, Wales, CF11 7DY"
Cardiff City,THE CARDIFF CITY LADIES FOOTBALL CLUB LIMITED,05110412,dissolved,2004-04-23,"27 Maes Y Sarn, Pentyrch, Cardiff, CF15 9QQ"
Cardiff City,CARDIFF CITY DRAGONS FOOTBALL CLUB LTD,08435789,dissolved,2013-03-08,"273 Picton, Victoria Wharf, Watkiss Way, Cardiff, Soth Glamo"
Cardiff City,CARDIFF METROPOLITAN UNIVERSITY FOOTBALL CLUB LIMITED,15814639,active,2024-07-02,"Finance Dept, Cardiff Met Uni Western Avenue, Llandadd, Card"
Cardiff City,CARDIFF RUGBY FOOTBALL CLUB LIMITED,04813993,active,2003-06-27,"Cardiff Arms Park, Westgate Street, Cardiff, South Glamorgan"
Cardiff City,CARDIFF CITY COMMUNITY TABLE TENNIS CLUB,CE008044,converted-closed,,
Cardiff City,BANGOR CITY FOOTBALL CLUB LIMITED,16165582,active,2025-01-06,"Bangor City Stadium, Holyhead Road, Bangor, Wales, LL57 2HQ"
Cardiff City,"BATH CITY FOOTBALL CLUB,LIMITED",00176565,active,1921-09-01,"Twerton  Park, Twerton, Bath, Avon., BA2 1DB"
Chelsea,CHELSEA FOOTBALL CLUB LIMITED,01965149,active,1985-11-26,"Stamford Bridge Ground, Fulham Road, London, SW6 1HS"
Chelsea,CHELSEA FOOTBALL CLUB WOMEN LTD,07377729,active,2010-09-16,"Stamford Bridge, Fulham Road, London, Greater London, SW6 1H"
Chelsea,CHELSEA ROVERS FOOTBALL CLUB LTD,15864088,active,2024-07-29,"4th Floor Office, 205 Regent Street, London, England, W1B 4H"
Chelsea,WE MAKE FOOTBALLERS CHELSEA & FULHAM LLP,OC460673,active,2026-05-20,"905 Eastfields Avenue, London, Greater London, England, SW18"
Chelsea,CHELSEA FUTURE STARS FOOTBALL ACADEMY LTD,10433033,dissolved,2016-10-18,"Suite 201a Cumberland House 80 Scrubs Lane, London, United K"
Chelsea,CADDI CLUB CHELSEA LTD,15276364,active,2023-11-10,"29 Imperial Road, London, England, SW6 2FR"
Chelsea,CHELSEA AND WESTMINSTER SWIMMING CLUB LIMITED,12695416,active,2020-06-24,"Accountancy House, 90 Walworth Road, London, United Kingdom,"
Chelsea,CHELSEA ARABIC SCHOOL & CLUB LIMITED,05315425,active,2004-12-17,"340 West End Lane, London, England, NW6 1LN"
Chelsea,CHELSEA ARTS BALL AND CHELSEA ARTS CLUB LIMITED,00874458,active,1966-03-21,"143 Old Church Street, London, SW3 6EB"
Chelsea,CHELSEA ARTS CLUB LIMITED,02124272,active,1987-04-21,"143-145, Old Church Street, London, SW3 6EB"
Crystal Palace,CRYSTAL PALACE LADIES FOOTBALL CLUB CIC,11244481,dissolved,2018-03-09,"The Mount, Barrow Hill, Sellindge, Kent, TN25 6JQ"
Crystal Palace,CRYSTAL PALACE COMMUNITY BASKETBALL CLUB,CE032453,,,
Crystal Palace,CRYSTAL PALACE INDOOR BOWLING CLUB LIMITED,00327883,active,1937-05-14,"Lewisham Indoor Bowls Centre, Westerley Crescent, London, En"
Crystal Palace,CRYSTAL PALACE BASKETBALL CLUB CIC,14454799,dissolved,2022-11-01,"199a Stanstead Road, London, England, SE23 1HU"
Crystal Palace,BRISTOL PALACE FOOTBALL CLUB LIMITED,16431986,active,2025-05-06,"27 Old Gloucester St, London, United Kingdom, WC1N 3AX"
Crystal Palace,LOCAL2YOU LTD,08151630,dissolved,2012-07-20,"49 Cotton Hill Cotton Hill, Bromley, England, BR1 5RT"
Crystal Palace,AVF DEVELOPMENTS (CRYSTAL PALACE) LTD,12758057,active,2020-07-21,"67 Westow Street Upper Norwood, London, England, SE19 3RW"
Crystal Palace,BEAUTY ACADEMY CRYSTAL PALACE LIMITED,11521144,active,2018-08-16,"228a First Floor, High Street, Bromley, England, BR1 1PQ"
Crystal Palace,BEECHWOODS COURT (CRYSTAL PALACE) LIMITED,05099991,active,2004-04-13,"C/O Virtual Company Secretary Ltd, 7 York Road, Woking, Surr"
Crystal Palace,COPPER CLOSE (CRYSTAL PALACE) RESIDENTS ASSOCIATION LIMITED,02316648,active,1988-11-14,"5 Copper Close, London, England, SE19 2RF"
Everton,ONLINE AGENCY LIMITED,11153806,dissolved,2018-01-17,"20-22 Wenlock Road, London, England, N1 7GU"
Everton,"EVERTON FOOTBALL CLUB COMPANY, LIMITED",00036624,active,1892-06-14,"Hill Dickinson Stadium, Regent Road, Liverpool, England, L3 "
Everton,EVERTON FOOTBALL CLUB WOMEN LIMITED,07335143,active,2010-08-04,"Goodison Park, Goodison Road, Liverpool, Merseyside, L4 4EL"
Everton,EVERTON FOOTBALL GROUP LIMITED,15954023,dissolved,2024-09-12,"6 Dickens Court, Biggleswade, England, SG18 8QE"
Everton,EVERTON AND LYMORE SOCIAL CLUB LIMITED,IP24565R,active,,
Everton,EVERTON KIDS CLUB LTD,10808604,active,2017-06-08,"Penny Lane Business Centre, 374 Smithdown Road, Liverpool, E"
Everton,EVERTON PARK GYMNASTICS CLUB LIMITED,13421622,active,2021-05-26,"Cholmondeley House, Dee Hills Park, Chester, United Kingdom,"
Everton,FOOTBALLWEBWATCH - EVERTON LIMITED,09174254,dissolved,2014-08-13,"186 High Street Winslow, Buckingham, England, MK18 3DQ"
Everton,A&K FOOTBALL AND EDUCATION COMMUNITY CLUB C.I.C.,14858413,active,2023-05-10,"3rd Floor,  1 Temple Square, 24 Dale Street, Liverpool, Engl"
Everton,ABBEY RANGERS FOOTBALL CLUB LTD,17035995,active,2026-02-16,"The Addlestone Moor, Addlestone Moor, Addlestone, Surrey, Un"
Fulham,FULHAM FOOTBALL CLUB LIMITED,02114486,active,1987-03-24,"Fulham Football Club, Training Ground, Motspur Park, New Mal"
Fulham,FFC OLD CO LIMITED,02450032,dissolved,1989-12-06,"Fulham Football Club, Training Ground, Motspur Park, New Mal"
Fulham,FULHAM FOOTBALL CLUB FOUNDATION,04573248,active,2002-10-25,"Fulham Football Club, Training Ground Motspur Park, New Mald"
Fulham,THE HAMMERSMITH & FULHAM RUGBY FOOTBALL CLUB,04772258,active,2003-05-20,"2nd Floor, Heathmans House, 19 Heathmans Road, London, Engla"
Fulham,FULHAM FOOTBALL LEISURE LIMITED,03374347,active,1997-05-21,"Fulham Football Club, Training Ground, Motspur Park, New Mal"
Fulham,WE MAKE FOOTBALLERS CHELSEA & FULHAM LLP,OC460673,active,2026-05-20,"905 Eastfields Avenue, London, Greater London, England, SW18"
Fulham,FULHAM AND CHELSEA ROYAL NAVAL ASSOCIATION CLUB LIMITED,IP21642R,converted-closed,,
Fulham,FULHAM BOXING CLUB C.I.C.,15511737,active,2024-02-21,"2-8 Dawes Road, London, England, SW6 7EN"
Fulham,FULHAM CLUB AND INSTITUTE LIMITED,IP28024R,,,
Fulham,FULHAM REACH BOAT CLUB,08900584,active,2014-02-18,"Fulham Reach Boat Club Unit A, Distillery Wharf, Chancellors"
Huddersfield,HUDDERSFIELD RUGBY UNION FOOTBALL CLUB LIMITED,IP031222,active,,
Huddersfield,THE HUDDERSFIELD TOWN ASSOCIATION FOOTBALL CLUB LIMITED,01771361,active,1983-11-21,"Accu Stadium, Stadium Way, Huddersfield, West Yorkshire, Eng"
Huddersfield,HUDDERSFIELD LADIES FOOTBALL CLUB LIMITED,10265086,dissolved,2016-07-06,"7 Tower Avenue, Upton, Pontefract, England, WF9 1ED"
Huddersfield,CRUISE SHIP HOLIDAYS LIMITED,11153948,dissolved,2018-01-17,"20-22 Wenlock Road, London, England, N1 7GU"
Huddersfield,HUDDERSFIELD SPORTING PRIDE LIMITED,02880024,active,1993-12-13,"The John Smith's Stadium, Stadium Way, Huddersfield, HD1 6PG"
Huddersfield,CENTRAL YOUTH CLUB HUDDERSFIELD,CE040533,,,
Huddersfield,HUDDERSFIELD GOLF CLUB LIMITED,00431293,active,1947-03-18,"Fixby Hall, Huddersfield, HD2 2EP"
Huddersfield,HUDDERSFIELD LAUND HILL COMMUNITY CLUB,13517203,active,2021-07-19,"Laund Hill Community Club New Hey Road, Salendine Nook, Hudd"
Huddersfield,HUDDERSFIELD LAWN TENNIS & SQUASH CLUB LIMITED,03660903,active,1998-11-03,"Cemetery Road, Edgerton, Huddersfield, West Yorkshire, HD1 5"
Huddersfield,HUDDERSFIELD MOTOR CLUB LIMITED,02082379,active,1986-12-10,"12 Deacons Walk, Heckmondwike, West Yorkshire, England, WF16"
Hull City,HULL CITY ASSOCIATION FOOTBALL CLUB LTD,09077909,dissolved,2014-06-09,"3 Old Hall Farm Cottages Old Hall Road, Sunk Island, Hull, H"
Hull City,HULL CITY TIGERS LIMITED,04032392,active,2000-07-12,"Mkm Stadium, West Park, Hull, England, HU3 6HU"
Hull City,HULLENSIANS RUGBY UNION FOOTBALL CLUB LIMITED,06938641,active,2009-06-19,Hullensians Rugby Union Football Club Limited Springhead Lan
Hull City,HULL IONIANS RUGBY UNION FOOTBALL CLUB (HOLDINGS) LIMITED,00586524,active,1957-07-01,"Hull Ionians R U F C, Brantingham Park, Elloughton Road Bran"
Hull City,HULL KINGSTON ROVERS FOOTBALL CLUB LIMITED,00085808,active,1905-09-11,"Craven Park Stadium, Phil Lowe Way, Hull, East Yorkshire, Un"
Hull City,HULL RUGBY UNION FOOTBALL CLUB LIMITED,07035129,active,2009-09-30,"The Chapel, Bridge Street, Driffield, East Yorkshire, United"
Hull City,HULL UNITED ASSOCIATION FOOTBALL CLUB LIMITED,RS008433,,,
Hull City,SPORTS CAR CLUB LIMITED,12410215,dissolved,2020-01-17,"12 Roachview Business Park, Millhead Way, Purdeys Industrial"
Hull City,THE HULL CITY OFFICIAL SUPPORTERS CLUB LIMITED,05006460,active,2004-01-06,"Tigers Trust Arena West Park, Walton Street, Kingston Upon H"
Hull City,HULL CITY RETRO MEMBERS CLUB LTD,13261571,dissolved,2021-03-12,"30 Aysgarth Avenue, Hull, England, HU6 8QU"
Leeds United,LEEDS UNITED FOOTBALL CLUB LIMITED,06233875,active,2007-05-01,"Elland Road Stadium, Elland Road, Leeds, LS11 0ES"
Leeds United,LEEDS CITY HOLDINGS LIMITED,05765697,dissolved,2006-04-03,"New Court Abbey Road North, Shepley, Huddersfield, West York"
Leeds United,ROMANS HEAVIES LIMITED,05334247,dissolved,2005-01-17,"Pearl Assurance House, 319 Ballards Lane, London, N12 8LY"
Leeds United,LEEDS UNITED WOMEN FOOTBALL CLUB LIMITED,13804588,active,2021-12-16,"Elland Road Stadium, Elland Road, Leeds, LS11 0ES"
Leeds United,LEEDS UNITED ASSOCIATION FOOTBALL CLUB LIMITED (THE),00170600,dissolved,1920-10-02,"KPMG LLP, 1 Sovereign Square Sovereign Street, Leeds, LS1 4D"
Leeds United,LCFC - LEEDS CITY FOOTBALL CLUB LIMITED,13204087,active,2021-02-16,"Kirkgate House, Kirkgate, Tadcaster, Yorkshire, United Kingd"
Leeds United,LEEDS CITY FOOTBALL CLUB LIMITED,04776519,active,2003-05-23,"Kirkgate House, Kirkgate, Tadcaster, Yorkshire, LS24 9AD"
Leeds United,LEEDS RUGBY UNION FOOTBALL CLUB LIMITED,02618121,active,1991-06-06,"The Pavilion Headingley Stadium, St Michael's Lane, Leeds, E"
Leeds United,WEST LEEDS AMATEUR RUGBY LEAGUE FOOTBALL CLUB,CE010058,,,
Leeds United,WEST LEEDS RUGBY UNION FOOTBALL CLUB LIMITED,RS004890,,,
Leicester City,LEICESTER CITY FOOTBALL CLUB LIMITED,04593477,active,2002-11-18,"King Power Stadium, Filbert Way, Leicester, Leicestershire, "
Leicester City,FILBERT REALISATIONS NO 1 PLC,00157760,liquidation,1919-08-07,"4385, 00157760 - COMPANIES HOUSE DEFAULT ADDRESS, Cardiff, C"
Leicester City,LEICESTER CITY FOOTBALL CLUB TRUST LIMITED,06443209,active,2007-12-03,"King Power Stadium, Filbert Way, Leicester, LE2 7FL"
Leicester City,LEICESTER CITY WOMEN FOOTBALL CLUB LIMITED,09091120,active,2014-06-18,"King Power Stadium, Filbert Way, Leicester, Leicestershire, "
Leicester City,LEICESTER BHARAT FOOTBALL CLUB (LBFC) LTD,13949694,dissolved,2022-03-02,"33 Peebles Way, Leicester, England, LE4 7ZB"
Leicester City,LEICESTER FOOTBALL CLUB PLC,03459344,active,1997-10-28,"The Club House Aylestone Road, Leicester, Leicestershire, LE"
Leicester City,LEICESTER FOOTBALL CLUB LIMITED,IP28031R,converted-closed,,
Leicester City,LEICESTER FOREST RUGBY FOOTBALL CLUB LIMITED,IP28705R,active,,
Leicester City,LEICESTER LIONS FOOTBALL CLUB LTD,13857385,active,2022-01-18,"20 Saxon Street, Leicester, England, LE3 0BL"
Leicester City,LEICESTER LIONS RUGBY FOOTBALL CLUB LIMITED,IP29000R,active,,
Liverpool,LIVERPOOL FOOTBALL CLUB LIMITED,03442228,active,1997-09-30,"Anfield Road, Liverpool, Merseyside, L4 0TH"
Liverpool,CITY OF LIVERPOOL FOOTBALL CLUB LIMITED,RS007231,active,,
Liverpool,CLUB FOOTBALL LIVERPOOL LTD,16038582,active,2024-10-24,"Unit 22 Silver Wing Industrial Estate, Imperial Way, Croydon"
Liverpool,THE LIVERPOOL FOOTBALL CLUB AND ATHLETIC GROUNDS LIMITED,00035668,active,1892-01-26,"Anfield Road, Liverpool, Merseyside, L4 0TH"
Liverpool,LIVERPOOL HOMELESS FOOTBALL CLUB,08457588,active,2013-03-22,"1-27 Bridport Street, Liverpool, England, L3 5QF"
Liverpool,LIVERPOOL MEDICAL SCHOOL FOOTBALL CLUB LTD,16172372,dissolved,2025-01-09,"27 Westminster Road, Blackpool, England, FY1 2QE"
Liverpool,LIVERPOOL ST. HELENS FOOTBALL CLUB LIMITED,IP28642R,active,,
Liverpool,LIVERPOOL WOMEN’S FC LIMITED,08184466,active,2012-08-20,"Anfield, Anfield Road, Liverpool, L4 0TH"
Liverpool,CITY OF LIVERPOOL FOOTBALL CLUB LTD,09390365,converted-closed,2015-01-15,"6 Eldred Road, Childwall, Liverpool, England, L16 8PB"
Liverpool,LIVERPOOL RANGERS RUGBY FOOTBALL CLUB CIC,07270854,dissolved,2010-06-01,"Nursery House, Knowsley Park, Prescot, Merseyside, L34 7HD"
Luton Town,LUTON TOWN FOOTBALL CLUB LIMITED,04977080,dissolved,2003-11-26,"93 Queen Street, Sheffield, S1 1WF"
Luton Town,LUTON TOWN FOOTBALL CLUB 2020 LTD,06133975,active,2007-03-01,"Kenilworth Stadium, 1 Maple Road, Luton, Bedfordshire, LU4 8"
Luton Town,LUTON TOWN FOOTBALL CLUB (CASINO) LIMITED,05879652,dissolved,2006-07-18,"3 Queens Road, Clevedon, Avon, BS21 7TH"
Luton Town,LUTON PANTHERS FOOTBALL CLUB LTD,12838222,dissolved,2020-08-26,"10 Spinney Road, Luton, Bedfordshire, England, LU3 3DG"
Luton Town,LUTON PHOENIX FOOTBALL CLUB,CE036803,,,
Luton Town,LUTON UNITED FOOTBALL CLUB,CE007580,,,
Luton Town,LUTON TOWN BOWLING CLUB,CE031504,,,
Luton Town,LUTON TOWN HOCKEY CLUB,CE038237,,,
Luton Town,ABERDARE TOWN FOOTBALL CLUB LIMITED,15825978,active,2024-07-08,"71-75 Shelton Street, Covent Garden, London, United Kingdom,"
Luton Town,ABERYSTWYTH TOWN FOOTBALL CLUB LTD,04065963,active,2000-09-06,"Park Avenue, Aberystwyth, Dyfed, SY23 1PG"
Manchester City,MANCHESTER CITY FOOTBALL CLUB LIMITED,00040946,active,1894-04-16,"Etihad Stadium, Etihad Campus, Manchester, M11 3FF"
Manchester City,FORDHAM SPORTS IMAGE RIGHTS LIMITED,08080042,dissolved,2012-05-23,"3 Field Court, Field Court, London, WC1R 5EF"
Manchester City,MANCHESTER CITY WOMEN'S FOOTBALL CLUB LIMITED,08570537,active,2013-06-14,"City Football Hq, 400 Ashton New Road, Manchester, England, "
Manchester City,CLUB FOOTBALL MANCHESTER LTD,16631424,active,2025-08-06,"22 Silvering Industrial Estate, Imperial Way, Croydon, Unite"
Manchester City,FOOTBALL CLUB MANCHESTER STARS UNITED,CE030322,,,
Manchester City,GREATER MANCHESTER FOOTBALL CLUB LIMITED,11406972,active,2018-06-11,"47 - 49 Carnarvon Street, First Floor, Manchester, Greater M"
Manchester City,GREATER MANCHESTER POWERCHAIR FOOTBALL CLUB,CE008042,,,
Manchester City,MANCHESTER FOOTBALL CLUB LIMITED,16283221,active,2025-02-28,"19 Lockside, Portishead, Bristol, England, BS20 7AE"
Manchester City,MANCHESTER POLONIA FOOTBALL CLUB COMMUNITY INTEREST COMPANY,10212355,active,2016-06-02,"9 Davidson Drive, Middleton, Manchester, M24 1UH"
Manchester City,MANCHESTER UNITED FOOTBALL CLUB LIMITED,00095489,active,1907-10-31,"Old Trafford, Manchester, M16 0RA"
Manchester United,MANCHESTER UNITED FOOTBALL CLUB LIMITED,00095489,active,1907-10-31,"Old Trafford, Manchester, M16 0RA"
Manchester United,FOOTBALL CLUB MANCHESTER STARS UNITED,CE030322,,,
Manchester United,MANCHESTER UNITED WOMEN'S FOOTBALL CLUB LIMITED,11391725,active,2018-05-31,"Sir Matt Busby Way, Old Trafford, Manchester, United Kingdom"
Manchester United,MANCHESTER UNITED ACADEMY FOR THE DEVELOPMENT OF FOOTBALL LTD,11020294,dissolved,2017-10-18,"Crown House, 27 Old Gloucester Street, London, United Kingdo"
Manchester United,CLUB FOOTBALL MANCHESTER LTD,16631424,active,2025-08-06,"22 Silvering Industrial Estate, Imperial Way, Croydon, Unite"
Manchester United,GREATER MANCHESTER FOOTBALL CLUB LIMITED,11406972,active,2018-06-11,"47 - 49 Carnarvon Street, First Floor, Manchester, Greater M"
Manchester United,GREATER MANCHESTER POWERCHAIR FOOTBALL CLUB,CE008042,,,
Manchester United,MANCHESTER CITY FOOTBALL CLUB LIMITED,00040946,active,1894-04-16,"Etihad Stadium, Etihad Campus, Manchester, M11 3FF"
Manchester United,MANCHESTER CITY WOMEN'S FOOTBALL CLUB LIMITED,08570537,active,2013-06-14,"City Football Hq, 400 Ashton New Road, Manchester, England, "
Manchester United,MANCHESTER FOOTBALL CLUB LIMITED,16283221,active,2025-02-28,"19 Lockside, Portishead, Bristol, England, BS20 7AE"
Middlesbrough,MIDDLESBROUGH FOOTBALL CLUB FOUNDATION,03142447,active,1995-12-29,"Brignell Road, Riverside Park Industrial Estate, Middlesbrou"
Middlesbrough,MIDDLESBROUGH RUGBY UNION FOOTBALL CLUB LIMITED,11459591,active,2018-07-11,"Acklam Park, Green Lane, Middlesbrough, United Kingdom, TS5 "
Middlesbrough,SJF ENTERPRISES LTD,13398863,dissolved,2021-05-14,"20 West End, Hunwick, Crook, England, DL15 0LH"
Middlesbrough,MIDDLESBROUGH HOMELESS FOOTBALL CLUB COMMUNITY INTEREST COMPANY,08512613,dissolved,2013-05-01,"Tobias House, St Mark's Court, Teesdale Business Park, Teess"
Middlesbrough,MIDDLESBROUGH FOOTBALL AND  ATHLETIC COMPANY LIMITED,05324467,active,2005-01-05,"Riverside Stadium, Middlesbrough, TS3 6RS"
Middlesbrough,MIDDLESBROUGH FOOTBALL & ATHLETIC COMPANY HOLDINGS LIMITED,03912084,active,2000-01-24,"Riverside Stadium, Middlesbrough, TS3 6RS"
Middlesbrough,MIDDLESBROUGH FOOTBALL & ATHLETIC COMPANY (1986) LIMITED,01947851,active,1985-09-17,"Riverside Stadium, Middlesbrough, TS3 6RS"
Middlesbrough,MIDDLESBROUGH & DISTRICT MOTOR CLUB LIMITED,09376585,active,2015-01-06,"Middlesbrough & District Club, Coulby Manor Coulby Manor Way"
Middlesbrough,MIDDLESBROUGH BRASS CASTLE GOLF CLUB LTD,16292440,active,2025-03-04,"Brass Castle Lane, Nunthorpe, Middlesbrough, United Kingdom,"
Middlesbrough,MIDDLESBROUGH CONSERVATIVE CLUB LIMITED(THE),00059108,active,1898-10-11,"Redlands, 21 Orchard Road, Middlesbrough, TS5 5PN"
Newcastle United,NEWCASTLE UNITED FOOTBALL CLUB LIMITED,05981582,active,2006-10-30,"St James'Park, Newcastle Upon Tyne, Tyne & Wear, NE1 4ST"
Newcastle United,NEWCASTLE UNITED FOOTBALL CLUB PROJECTS LIMITED,14525696,active,2022-12-06,"St James' Park, Strawberry Place, Newcastle Upon Tyne, Unite"
Newcastle United,NEWCASTLE UNITED FOOTBALL CLUB FANS LIMITED,07731198,dissolved,2011-08-05,"15 Old Oak Common Lane, East Acton, London, W3 7EL"
Newcastle United,NEWCASTLE UNITED WOMEN'S FOOTBALL CLUB LIMITED,11205113,active,2018-02-14,"St James Park, Barrack Road, Newcastle Upon Tyne, NE1 4ST"
Newcastle United,NEWCASTLE UNITED WOMENS FOOTBALL CLUB LTD,09277445,dissolved,2014-10-23,"Flat 3 26 Osborne Road, Newcastle Upon Tyne, England, NE2 2A"
Newcastle United,NEWCASTLE UNITED WOMENS FOOTBALL CLUB LIMITED,06028215,dissolved,2006-12-14,"37 Cochrane Park Avenue, Newcastle, Tyne And Wear, NE7 7JU"
Newcastle United,NEWCASTLE UNITED FOOTBALL COMPANY LIMITED,00031014,active,1890-03-11,"St James Park,, Newcastle-Upon-Tyne, NE1 4ST"
Newcastle United,NEWCASTLE BENFIELD JUNIORS FOOTBALL CLUB,CE010090,,,
Newcastle United,NEWCASTLE BLUE STAR FOOTBALL CLUB LIMITED,15423692,active,2024-01-18,"21 Benwell Grange Avenue, Newcastle Upon Tyne, England, NE15"
Newcastle United,NEWCASTLE DYNAMO FOOTBALL CLUB,CE037487,,,
Norwich City,NORWICH CITY FOOTBALL CLUB PLC,00154044,active,1919-04-02,"Carrow Road,, Norwich,, Norfolk, NR1 1JE"
Norwich City,THE NORWICH CITY FOOTBALL CLUB HISTORICAL TRUST,04713765,active,2003-03-27,"Norwich City Football Club, Carrow Road, Norwich, Norfolk, N"
Norwich City,NORWICH CITY RUGBY LEAGUE FOOTBALL CLUB LTD,06815830,dissolved,2009-02-11,"22 Bromedale Avenue, Mulbarton, Norwich, Norfolk, NR14 8GG"
Norwich City,NORWICH CITY FOOTBALL DEVELOPMENT LIMITED,12030148,active,2019-06-03,"Carrow Road, Norwich, Norfolk, United Kingdom, NR1 1JE"
Norwich City,NORWICH RUGBY FOOTBALL CLUB LIMITED,IP28350R,active,,
Norwich City,NORWICH UNITED FOOTBALL CLUB LIMITED,02544060,active,1990-09-27,"Plantation Road, Blofield, Norwich, Norfolk, NR13 4PL"
Norwich City,NORWICH UNITED FOOTBALL CLUB (2008) LIMITED,06542491,active,2008-03-25,"Plantation Park Plantation Road, Blofield, Norwich, Norfolk,"
Norwich City,NORWICH HEALTH FOOTBALL CLUB LTD,14421864,dissolved,2022-10-17,"10 10 Britannia Way, Norwich, Norfolk, England, NR5 0UT"
Norwich City,CITY OF NORWICH ATHLETIC CLUB,CE007841,,,
Norwich City,CITY OF NORWICH SWIMMING CLUB,05233270,active,2004-09-16,"Anglia House 6 Central Avenue, St Andrews Business Park, Tho"
Nottingham Forest,NOTTINGHAM FOREST FOOTBALL CLUB LIMITED,01630402,active,1982-04-20,"The City Ground, Pavilion Road, West Bridgford, Nottingham, "
Nottingham Forest,NOTTINGHAM FOREST COMMUNITY TRUST,07395235,active,2010-10-04,"The City Ground Pavilion Road, West Bridgford, Nottingham, N"
Nottingham Forest,NOTTINGHAM FOREST WOMEN’S FOOTBALL CLUB LIMITED,03730065,active,1999-03-10,"The City Ground, Nottingham, Nottinghamshire, NG2 5FJ"
Nottingham Forest,NOTTINGHAM FOREST NETBALL CLUB LTD,15475934,active,2024-02-09,"The City Ground Pavilion Road, West Bridgford, Nottingham, U"
Nottingham Forest,INSPIRE NOTTINGHAM FOOTBALL CLUB LTD,16363591,active,2025-04-03,"22 Clementine Drive, Mapperley, Nottingham, England, NG3 5UX"
Nottingham Forest,NOTTINGHAM CASUALS RUGBY FOOTBALL CLUB LIMITED,IP29113R,active,,
Nottingham Forest,NOTTINGHAM FOOTBALL CLUB,CE008415,,,
Nottingham Forest,NOTTINGHAM MODERNS RUGBY FOOTBALL CLUB LIMITED,07237763,active,2010-04-28,"18 The Ropewalk, Nottingham, England, NG1 5DT"
Nottingham Forest,NOTTINGHAM RUGBY FOOTBALL CLUB LIMITED,05708418,active,2006-02-14,"Pennine House, 8 Stanford Street, Nottingham, England, NG1 7"
Nottingham Forest,NOTTINGHAM RUGBY FOOTBALL CLUB LIMITED,IP28729R,converted-closed,,
Sheffield United,THE SHEFFIELD UNITED FOOTBALL CLUB LIMITED,00061564,active,1899-04-18,"Sheffield United Football Club Bramall Lane, Cherry Street, "
Sheffield United,SHEFFIELD F.C.  THE OLDEST FOOTBALL CLUB IN THE WORLD' EST 1857 LTD.,03088676,active,1995-08-08,"Home Of Football C/O Coach & Horses, Sheffield Road, Dronfie"
Sheffield United,SHEFFIELD RUGBY UNION FOOTBALL CLUB LIMITED,04311165,active,2001-10-25,"Abbeydale Park, Totley Rise, Sheffield, South Yorkshire, S17"
Sheffield United,SHEFFIELD TIGERS RUGBY UNION FOOTBALL CLUB LIMITED,IP28892R,active,,
Sheffield United,SHEFFIELD WEDNESDAY FOOTBALL CLUB LIMITED,02509978,administration,1990-06-08,"Suite 500 Unit 2, 94a Wycliffe Road, Northampton, NN1 5JF"
Sheffield United,SHEFFIELD WEDNESDAY FOOTBALL CLUB COMMUNITY PROGRAMME,05053927,active,2004-02-24,"Sheffield Wednesday Football, Club Hillsborough Sheffield, Y"
Sheffield United,SHEFFIELD TOWN FOOTBALL CLUB LIMITED,12823382,dissolved,2020-08-19,"Apartment 30 6 Cross Bedford Street, Sheffield, South Yorksh"
Sheffield United,SHEFFIELD CITY FOOTBALL CLUB LIMITED,11518362,dissolved,2018-08-15,"Lane End Owlthorpe Lane, Mosborough, Sheffield, United Kingd"
Sheffield United,AFAN UNITED FOOTBALL CLUB LTD,14402316,active,2022-10-06,"19 The Mews, Port Talbot, Wales, SA12 6DP"
Sheffield United,ALEXANDRA UNITED FOOTBALL CLUB,CE003477,,,
Southampton,SOUTHAMPTON FOOTBALL CLUB LIMITED,00053301,active,1897-07-12,"St Mary's Stadium, Britannia Road, Southampton, SO14 5FP"
Southampton,SOUTHAMPTON GIRLS AND WOMEN'S FOOTBALL CLUB LIMITED,06951723,active,2009-07-03,"St. Marys Stadium, Britannia Road, Southampton, Hampshire, S"
Southampton,THE EASTLEIGH AND SOUTHAMPTON FOOTBALL TRUST,11170479,active,2018-01-25,"Stoneham Lane Football Complex, Stoneham Lane, Southampton, "
Southampton,INFLATA-BALL LTD,11555492,dissolved,2018-09-06,"38 , Menzies Close, Lordshill, Menzies Close, Southampton, U"
Southampton,CITY OF SOUTHAMPTON SWIMMING CLUB,CE033768,,,
Southampton,CLUB LIBRA (SOUTHAMPTON) LIMITED,01476015,liquidation,1980-01-29,"118 Bevois Valley Road, Southampton, SO2 0JZ"
Southampton,FRIENDS OF SOUTHAMPTON GYMNASTICS CLUB,CE035192,,,
Southampton,HULSE ROAD SOCIAL CLUB SOUTHAMPTON LIMITED,IP04840R,converted-closed,,
Southampton,Rotary Club of Southampton Solent Trust Fund,CE012146,,,
Southampton,ROYAL BRITISH LEGION MANOR (SOUTHAMPTON) CLUB LIMITED,IP14581R,converted-closed,,
Stoke City,STOKE CITY FOOTBALL CLUB LIMITED,00099885,active,1908-10-14,"Bet365 Stadium Stanley Matthews Way, Stoke-On-Trent, Staffor"
Stoke City,CITY OF STOKE FOOTBALL CLUB LTD,14497762,dissolved,2022-11-21,"43 Arnold Grove, Newcastle, Staffordshire, United Kingdom, S"
Stoke City,STOKE GABRIEL & TORBAY FOOTBALL CLUB LTD,14865676,active,2023-05-12,"Petitor House, Nicholson Road, Torquay, Devon, United Kingdo"
Stoke City,STOKE ON TRENT RUGBY UNION FOOTBALL CLUB LIMITED,IP28857R,active,,
Stoke City,CITY OF STOKE ATHLETICS CLUB,12687357,active,2020-06-20,"57 Harpfield Road, Stoke-On-Trent, England, ST4 5QT"
Stoke City,CITY OF STOKE-ON-TRENT AND DISTRICT TRADES UNION CLUB AND INSTITUTE LIMITED,IP11363R,converted-closed,,
Stoke City,CITY OF STOKE-ON-TRENT AUTO ANDRECREATION CLUB LIMITED,IP19607R,converted-closed,,
Stoke City,BANGOR CITY FOOTBALL CLUB LIMITED,16165582,active,2025-01-06,"Bangor City Stadium, Holyhead Road, Bangor, Wales, LL57 2HQ"
Stoke City,"BATH CITY FOOTBALL CLUB,LIMITED",00176565,active,1921-09-01,"Twerton  Park, Twerton, Bath, Avon., BA2 1DB"
Stoke City,BATH CITY YOUTH FOOTBALL CLUB LTD,15852957,active,2024-07-23,"Red Lion Yard, Frome Road, Bath, England, BA2 2PP"
Sunderland,"SUNDERLAND ASSOCIATION FOOTBALL CLUB,LIMITED(THE)",00049116,active,1896-08-12,"The Sunderland Stadium Of Light, Sunderland, Tyne And Wear, "
Sunderland,SUNDERLAND ASSOCIATION FOOTBALL CLUB WOMEN LIMITED,08729214,active,2013-10-11,"Stadium Of Light, Sunderland, Tyne And Wear, SR5 1SU"
Sunderland,SUNDERLAND FOOTBALL SUPPORTER'S CLUB LIMITED,IP18940R,converted-closed,,
Sunderland,SUNDERLAND ALBION FOOTBALL CLUB LTD,13115277,dissolved,2021-01-06,"39 Cresta View, Houghton Le Spring, England, DH5 8BY"
Sunderland,SUNDERLAND WEST END FOOTBALL CLUB LIMITED,10099219,dissolved,2016-04-02,"37 Glenluce, Vigo, Birtley, DH3 2HZ"
Sunderland,SUNDERLAND ASSOCIATION FOOTBALL CLUB WOMEN'S LIMITED,08612260,dissolved,2013-07-16,"Black Cat House, Stadium Of Light, Sunderland, Tyne And Wear"
Sunderland,BASIS FOOTBALL COACHING SUNDERLAND LTD,15039049,active,2023-07-31,"203 West Street, Fareham, Hampshire, United Kingdom, PO16 0E"
Sunderland,THE SUNDERLAND FOOTBALL TRUST,11555914,dissolved,2018-09-06,"Durham County Football Association, Codeslaw Riverside South"
Sunderland,CITY OF SUNDERLAND AMATEUR SWIMMING CLUB C.I.C.,07792096,active,2011-09-29,"34 Frederick Street, Sunderland, Tyne And Wear, SR1 1LP"
Sunderland,NEW SUNDERLAND SOCIAL CLUB (THE),IP18944R,converted-closed,,
Swansea City,SWANSEA CITY FOOTBALL CLUB LIMITED,04056708,active,2000-08-21,"Swansea.Com Stadium, Landore, Swansea, Wales, SA1 2FA"
Swansea City,SWANSEA CITY ASSOCIATION FOOTBALL CLUB LIMITED(THE),00123414,active,1912-07-25,"Swansea.Com Stadium, Landore, Swansea, Wales, SA1 2FA"
Swansea City,SWANSEA CITY FOOTBALL 2002 LIMITED,04305508,active,2001-10-16,"Swansea.Com Stadium, Landore, Swansea, Wales, SA1 2FA"
Swansea City,PURE SWANSEA FOOTBALL CLUB LIMITED,17207394,active,2026-05-08,"Cambrian House Cambrian House, Cambrian Place, Swansea, Wale"
Swansea City,SWANSEA RUGBY FOOTBALL CLUB LIMITED,03305164,active,1997-01-21,"St Helen's Ground, Bryn Road, Brynmill, Swansea, SA2 0AR"
Swansea City,SWANSEA TOWN FOOTBALL CLUB LIMITED,10515037,dissolved,2016-12-07,"17 Glan Yr Afon Gardens, Sketty, Swansea, United Kingdom, SA"
Swansea City,SWANSEA BAY FOOTBALL CLUB LTD,11707663,dissolved,2018-12-03,"Flat 2 Uplands Crescent, Uplands, Swansea, United Kingdom, S"
Swansea City,BANGOR CITY FOOTBALL CLUB LIMITED,16165582,active,2025-01-06,"Bangor City Stadium, Holyhead Road, Bangor, Wales, LL57 2HQ"
Swansea City,"BATH CITY FOOTBALL CLUB,LIMITED",00176565,active,1921-09-01,"Twerton  Park, Twerton, Bath, Avon., BA2 1DB"
Swansea City,BATH CITY YOUTH FOOTBALL CLUB LTD,15852957,active,2024-07-23,"Red Lion Yard, Frome Road, Bath, England, BA2 2PP"
Tottenham Hotspur,FOR HIRE LIMITED,11153946,dissolved,2018-01-17,"20-22 Wenlock Road, London, England, N1 7GU"
Tottenham Hotspur,THE COSMIC SUPERSTORE LIMITED,07952457,dissolved,2012-02-16,"Churchill Business Centre, Stirling Way, Borehamwood, Hertfo"
Tottenham Hotspur,TOTTENHAM HOTSPUR FOOTBALL CLUB HOLDINGS LIMITED,10443734,active,2016-10-25,"Lilywhite House 782 High Road, Tottenham, London, United Kin"
Tottenham Hotspur,TOTTENHAM HOTSPUR WOMEN FOOTBALL CLUB LIMITED,10863537,active,2017-07-12,"Lilywhite House 782 High Road, Tottenham, London, England, N"
Tottenham Hotspur,TOTTENHAM HOTSPUR FOOTBALL CO LIMITED,06279984,active,2007-06-14,"Lilywhite House, 782 High Road, London, N17 0BX"
Tottenham Hotspur,TOTTENHAM HOTSPUR FOOTBALL & ATHLETIC CO. LTD,00057186,active,1898-05-03,"Lilywhite House, 782 High Road, London, N17 0BX"
Tottenham Hotspur,FOOTBALLWEBWATCH - TOTTENHAM HOTSPUR LIMITED,09174393,dissolved,2014-08-13,"186 High Street Winslow, Buckingham, England, MK18 3DQ"
Tottenham Hotspur,TOTTENHAM HOTSPUR LIMITED,01706358,active,1983-03-14,"Lilywhite House, 782 High Road, London, N17 0BX"
Tottenham Hotspur,TOTTENHAM HOTSPUR FOUNDATION,05760570,active,2006-03-29,"Percy House 796 High Road, Tottenham, London, England, N17 0"
Tottenham Hotspur,TOTTENHAM HOTSPUR HOTEL LTD,13009818,active,2020-11-11,"Lilywhite House, 782 High Road, London, United Kingdom, N17 "
Watford,THE REFERENCE AGENCY LIMITED,11153962,dissolved,2018-01-17,"20-22 Wenlock Road, London, England, N1 7GU"
Watford,WATFORD ASSOCIATION FOOTBALL CLUB LIMITED(THE),00104194,active,1909-07-22,"Vicarage Road Stadium, Vicarage Road, Watford Hertfordshire,"
Watford,NORTH WATFORD BOYS FOOTBALL CLUB LIMITED,11416478,dissolved,2018-06-14,"40 Jubilee Road, Watford, Herts, Jubilee Road, Watford, Unit"
Watford,WATFORD (CASSIOBURY) CROQUET CLUB,CE019083,,,
Watford,WATFORD CLUB SERVICES LTD,16648624,active,2025-08-13,"34 Violet Avenue, Uxbridge, England, UB8 3PR"
Watford,WATFORD EX-SERVICE AND SOCIAL CLUB LIMITED (THE),IP09092R,active,,
Watford,WATFORD GYMNASTICS CLUB LTD,12511484,active,2020-03-11,"66-68 High Street, Northwood, England, HA6 1BL"
Watford,THE WATFORD INDOOR BOWLS CLUB TRUSTEE LIMITED,03083198,active,1995-07-24,"Woodside Playing Fields, Horseshoe Lane, Garston, Warford, W"
Watford,WATFORD LIONS CLUB (CIO),CE020456,,,
Watford,WATFORD NATURIST SWIMMING CLUB,08580219,active,2013-06-21,"Watford Leisure Centre Central, Peace Prospect, Watford, Her"
West Brom,WEST BROMWICH ALBION FOOTBALL CLUB LIMITED,03295063,active,1996-12-16,"The Hawthorns, West Bromwich, West Midlands, B71 4LF"
West Brom,WEST BROMWICH FOOTBALL SUPPORTERS CLUB LIMITED(THE),00293154,active,1934-10-17,"The Club House, Westbourne Road, West Bromwich, Staffs, B70 "
West Brom,SWWCF 123 LIMITED,11046175,dissolved,2017-11-03,"The Hawthorns, West Bromwich, West Midlands, England, B71 4L"
West Brom,BROMLEY CROSS FOOTBALL CLUB,07577919,active,2011-03-24,"Grafton House, 81 Chorley Old Road, Bolton, United Kingdom, "
West Brom,BROMLEY RUGBY FOOTBALL CLUB LIMITED,09780071,active,2015-09-16,"The Pavilion, Barnet Wood Road, Hayes Bromley, Kent, BR2 7AA"
West Brom,BROMSGROVE ROVERS FOOTBALL CLUB LIMITED,07737827,active,2011-08-11,"6 Watt Close, Bromsgrove, England, B61 7AN"
West Brom,BROMSGROVE RUGBY FOOTBALL CLUB LIMITED,IP28521R,active,,
West Brom,BROMYARD RUGBY FOOTBALL CLUB LIMITED,IP29701R,active,,
West Brom,BROMYARD TOWN FOOTBALL CLUB LIMITED,03574031,active,1998-05-28,"Delahay Meadow, Stourport Road, Bromyard, Herefordshire, HR7"
West Brom,CONTENDERS WEST BROMWICH BOXING CLUB,16666109,active,2025-08-21,"Unit 13 Tinsley Street, Great Bridge, Tipton, United Kingdom"
West Ham,WEST HAM UNITED FOOTBALL CLUB LIMITED,00066516,active,1900-07-05,"London Stadium, Queen Elizabeth Olympic Park, London, Englan"
West Ham,WEST HAM UNITED WOMEN FOOTBALL CLUB LIMITED,11055894,active,2017-11-09,"London Stadium, Queen Elizabeth Olympic Park, London, Englan"
West Ham,WEST HAM UTD FOOTBALL CLUB LIMITED,11153881,dissolved,2018-01-17,"20-22 Wenlock Road, London, England, N1 7GU"
West Ham,DULWICH HAMLET FOOTBALL CLUB LIMITED,02840930,active,1993-07-30,"Champion Hill Stadium, Edgar Kail Way, London, England, SE22"
West Ham,HAMBLE UNITED FOOTBALL CLUB,CE020957,,,
West Ham,HAMILTON ACADEMICAL FOOTBALL CLUB LIMITED,SC005420,active,1903-08-07,"Broadwood Stadium 1 Ardgoil Drive, Cumbernauld, Glasgow, Sco"
West Ham,THE HAMMERSMITH & FULHAM RUGBY FOOTBALL CLUB,04772258,active,2003-05-20,"2nd Floor, Heathmans House, 19 Heathmans Road, London, Engla"
West Ham,HAMMERSMITH FOOTBALL CLUB LTD,12573435,active,2020-04-27,"4th Floor Charles House, 108-110 Finchley Road, London, Unit"
West Ham,HAMPSTEAD RUGBY FOOTBALL CLUB LIMITED,IP28567R,converted-closed,,
West Ham,HAMPSTEAD RUGBY FOOTBALL CLUB LIMITED,11486693,active,2018-07-27,"Flat 5 Lionel House, Palmerston Road, London, England, N22 8"
Wolves,HOUNSLOW WOLVES FOOTBALL CLUB CIC,15910722,dissolved,2024-08-21,"8 Campion Road, Isleworth, England, TW7 5HS"
Wolves,OAKLANDS WOLVES FOOTBALL CLUB CIC,12401873,dissolved,2020-01-14,"100 Park Street Lane, Park Street, St. Albans, England, AL2 "
Wolves,THE WOLVES FOOTBALL CLUB LTD,12050003,dissolved,2019-06-13,"32 Coniston Avenue, Wallasey, Merseyside, England, CH45 3JF"
Wolves,ELITE WOLVES BASKETBALL CLUB LTD,16636873,active,2025-08-08,"Mill Hill East Church Salcombe Gardens, Mill Hill East, Lond"
Wolves,WEST LOTHIAN WOLVES BASKETBALL CLUB,CS001624,,,
Wolves,LONE WOLVES RUNNING CLUB LTD,12480518,dissolved,2020-02-25,"27 Old Gloucester Street, London, United Kingdom, WC1N 3AX"
Wolves,THE WOLVES WHISKY CLUB LTD,10982939,dissolved,2017-09-26,"67 Blackhalve Lane, Wolverhampton, England, WV11 1BQ"
Wolves,WORCESTER WOLVES BASKETBALL CLUB LIMITED,03611714,dissolved,1998-08-07,"23-25 Hollybush House Bond Gate, Nuneaton, Warwickshire, Eng"
Wolves,A&K FOOTBALL AND EDUCATION COMMUNITY CLUB C.I.C.,14858413,active,2023-05-10,"3rd Floor,  1 Temple Square, 24 Dale Street, Liverpool, Engl"
Wolves,ABBEY RANGERS FOOTBALL CLUB LTD,17035995,active,2026-02-16,"The Addlestone Moor, Addlestone Moor, Addlestone, Surrey, Un"
