league,season,team,mp,w,d,l,gf,ga,gd,points_raw,deduction,points,position
premier-league,2014-2015,Chelsea,38,26,9,3,73,32,41,87,0,87,1
premier-league,2014-2015,Man City,38,24,7,7,83,38,45,79,0,79,2
premier-league,2014-2015,Arsenal,38,22,9,7,71,36,35,75,0,75,3
premier-league,2014-2015,Man United,38,20,10,8,62,37,25,70,0,70,4
premier-league,2014-2015,Tottenham,38,19,7,12,58,53,5,64,0,64,5
premier-league,2014-2015,Liverpool,38,18,8,12,52,48,4,62,0,62,6
premier-league,2014-2015,Southampton,38,18,6,14,54,33,21,60,0,60,7
premier-league,2014-2015,Swansea,38,16,8,14,46,49,-3,56,0,56,8
premier-league,2014-2015,Stoke,38,15,9,14,48,45,3,54,0,54,9
premier-league,2014-2015,Crystal Palace,38,13,9,16,47,51,-4,48,0,48,10
premier-league,2014-2015,Everton,38,12,11,15,48,50,-2,47,0,47,11
premier-league,2014-2015,West Ham,38,12,11,15,44,47,-3,47,0,47,12
premier-league,2014-2015,West Brom,38,11,11,16,38,51,-13,44,0,44,13
premier-league,2014-2015,Leicester,38,11,8,19,46,55,-9,41,0,41,14
premier-league,2014-2015,Newcastle,38,10,9,19,40,63,-23,39,0,39,15
premier-league,2014-2015,Sunderland,38,7,17,14,31,53,-22,38,0,38,16
premier-league,2014-2015,Aston Villa,38,10,8,20,31,57,-26,38,0,38,17
premier-league,2014-2015,Hull,38,8,11,19,33,51,-18,35,0,35,18
premier-league,2014-2015,Burnley,38,7,12,19,28,53,-25,33,0,33,19
premier-league,2014-2015,QPR,38,8,6,24,42,73,-31,30,0,30,20
premier-league,2015-2016,Leicester,38,23,12,3,68,36,32,81,0,81,1
premier-league,2015-2016,Arsenal,38,20,11,7,65,36,29,71,0,71,2
premier-league,2015-2016,Tottenham,38,19,13,6,69,35,34,70,0,70,3
premier-league,2015-2016,Man City,38,19,9,10,71,41,30,66,0,66,4
premier-league,2015-2016,Man United,38,19,9,10,49,35,14,66,0,66,5
premier-league,2015-2016,Southampton,38,18,9,11,59,41,18,63,0,63,6
premier-league,2015-2016,West Ham,38,16,14,8,65,51,14,62,0,62,7
premier-league,2015-2016,Liverpool,38,16,12,10,63,50,13,60,0,60,8
premier-league,2015-2016,Stoke,38,14,9,15,41,55,-14,51,0,51,9
premier-league,2015-2016,Chelsea,38,12,14,12,59,53,6,50,0,50,10
premier-league,2015-2016,Everton,38,11,14,13,59,55,4,47,0,47,11
premier-league,2015-2016,Swansea,38,12,11,15,42,52,-10,47,0,47,12
premier-league,2015-2016,Watford,38,12,9,17,40,50,-10,45,0,45,13
premier-league,2015-2016,West Brom,38,10,13,15,34,48,-14,43,0,43,14
premier-league,2015-2016,Crystal Palace,38,11,9,18,39,51,-12,42,0,42,15
premier-league,2015-2016,Bournemouth,38,11,9,18,45,67,-22,42,0,42,16
premier-league,2015-2016,Sunderland,38,9,12,17,48,62,-14,39,0,39,17
premier-league,2015-2016,Newcastle,38,9,10,19,44,65,-21,37,0,37,18
premier-league,2015-2016,Norwich,38,9,7,22,39,67,-28,34,0,34,19
premier-league,2015-2016,Aston Villa,38,3,8,27,27,76,-49,17,0,17,20
premier-league,2016-2017,Chelsea,38,30,3,5,85,33,52,93,0,93,1
premier-league,2016-2017,Tottenham,38,26,8,4,86,26,60,86,0,86,2
premier-league,2016-2017,Man City,38,23,9,6,80,39,41,78,0,78,3
premier-league,2016-2017,Liverpool,38,22,10,6,78,42,36,76,0,76,4
premier-league,2016-2017,Arsenal,38,23,6,9,77,44,33,75,0,75,5
premier-league,2016-2017,Man United,38,18,15,5,54,29,25,69,0,69,6
premier-league,2016-2017,Everton,38,17,10,11,62,44,18,61,0,61,7
premier-league,2016-2017,Southampton,38,12,10,16,41,48,-7,46,0,46,8
premier-league,2016-2017,Bournemouth,38,12,10,16,55,67,-12,46,0,46,9
premier-league,2016-2017,West Brom,38,12,9,17,43,51,-8,45,0,45,10
premier-league,2016-2017,West Ham,38,12,9,17,47,64,-17,45,0,45,11
premier-league,2016-2017,Leicester,38,12,8,18,48,63,-15,44,0,44,12
premier-league,2016-2017,Stoke,38,11,11,16,41,56,-15,44,0,44,13
premier-league,2016-2017,Crystal Palace,38,12,5,21,50,63,-13,41,0,41,14
premier-league,2016-2017,Swansea,38,12,5,21,45,70,-25,41,0,41,15
premier-league,2016-2017,Burnley,38,11,7,20,39,55,-16,40,0,40,16
premier-league,2016-2017,Watford,38,11,7,20,40,68,-28,40,0,40,17
premier-league,2016-2017,Hull,38,9,7,22,37,80,-43,34,0,34,18
premier-league,2016-2017,Middlesbrough,38,5,13,20,27,53,-26,28,0,28,19
premier-league,2016-2017,Sunderland,38,6,6,26,29,69,-40,24,0,24,20
premier-league,2017-2018,Man City,38,32,4,2,106,27,79,100,0,100,1
premier-league,2017-2018,Man United,38,25,6,7,68,28,40,81,0,81,2
premier-league,2017-2018,Tottenham,38,23,8,7,74,36,38,77,0,77,3
premier-league,2017-2018,Liverpool,38,21,12,5,84,38,46,75,0,75,4
premier-league,2017-2018,Chelsea,38,21,7,10,62,38,24,70,0,70,5
premier-league,2017-2018,Arsenal,38,19,6,13,74,51,23,63,0,63,6
premier-league,2017-2018,Burnley,38,14,12,12,36,39,-3,54,0,54,7
premier-league,2017-2018,Everton,38,13,10,15,44,58,-14,49,0,49,8
premier-league,2017-2018,Leicester,38,12,11,15,56,60,-4,47,0,47,9
premier-league,2017-2018,Newcastle,38,12,8,18,39,47,-8,44,0,44,10
premier-league,2017-2018,Crystal Palace,38,11,11,16,45,55,-10,44,0,44,11
premier-league,2017-2018,Bournemouth,38,11,11,16,45,61,-16,44,0,44,12
premier-league,2017-2018,West Ham,38,10,12,16,48,68,-20,42,0,42,13
premier-league,2017-2018,Watford,38,11,8,19,44,64,-20,41,0,41,14
premier-league,2017-2018,Brighton,38,9,13,16,34,54,-20,40,0,40,15
premier-league,2017-2018,Huddersfield,38,9,10,19,28,58,-30,37,0,37,16
premier-league,2017-2018,Southampton,38,7,15,16,37,56,-19,36,0,36,17
premier-league,2017-2018,Swansea,38,8,9,21,28,56,-28,33,0,33,18
premier-league,2017-2018,Stoke,38,7,12,19,35,68,-33,33,0,33,19
premier-league,2017-2018,West Brom,38,6,13,19,31,56,-25,31,0,31,20
premier-league,2018-2019,Man City,38,32,2,4,95,23,72,98,0,98,1
premier-league,2018-2019,Liverpool,38,30,7,1,89,22,67,97,0,97,2
premier-league,2018-2019,Chelsea,38,21,9,8,63,39,24,72,0,72,3
premier-league,2018-2019,Tottenham,38,23,2,13,67,39,28,71,0,71,4
premier-league,2018-2019,Arsenal,38,21,7,10,73,51,22,70,0,70,5
premier-league,2018-2019,Man United,38,19,9,10,65,54,11,66,0,66,6
premier-league,2018-2019,Wolves,38,16,9,13,47,46,1,57,0,57,7
premier-league,2018-2019,Everton,38,15,9,14,54,46,8,54,0,54,8
premier-league,2018-2019,Leicester,38,15,7,16,51,48,3,52,0,52,9
premier-league,2018-2019,West Ham,38,15,7,16,52,55,-3,52,0,52,10
premier-league,2018-2019,Watford,38,14,8,16,52,59,-7,50,0,50,11
premier-league,2018-2019,Crystal Palace,38,14,7,17,51,53,-2,49,0,49,12
premier-league,2018-2019,Newcastle,38,12,9,17,42,48,-6,45,0,45,13
premier-league,2018-2019,Bournemouth,38,13,6,19,56,70,-14,45,0,45,14
premier-league,2018-2019,Burnley,38,11,7,20,45,68,-23,40,0,40,15
premier-league,2018-2019,Southampton,38,9,12,17,45,65,-20,39,0,39,16
premier-league,2018-2019,Brighton,38,9,9,20,35,60,-25,36,0,36,17
premier-league,2018-2019,Cardiff,38,10,4,24,34,69,-35,34,0,34,18
premier-league,2018-2019,Fulham,38,7,5,26,34,81,-47,26,0,26,19
premier-league,2018-2019,Huddersfield,38,3,7,28,22,76,-54,16,0,16,20
premier-league,2019-2020,Liverpool,38,32,3,3,85,33,52,99,0,99,1
premier-league,2019-2020,Man City,38,26,3,9,102,35,67,81,0,81,2
premier-league,2019-2020,Man United,38,18,12,8,66,36,30,66,0,66,3
premier-league,2019-2020,Chelsea,38,20,6,12,69,54,15,66,0,66,4
premier-league,2019-2020,Leicester,38,18,8,12,67,41,26,62,0,62,5
premier-league,2019-2020,Tottenham,38,16,11,11,61,47,14,59,0,59,6
premier-league,2019-2020,Wolves,38,15,14,9,51,40,11,59,0,59,7
premier-league,2019-2020,Arsenal,38,14,14,10,56,48,8,56,0,56,8
premier-league,2019-2020,Sheffield United,38,14,12,12,39,39,0,54,0,54,9
premier-league,2019-2020,Burnley,38,15,9,14,43,50,-7,54,0,54,10
premier-league,2019-2020,Southampton,38,15,7,16,51,60,-9,52,0,52,11
premier-league,2019-2020,Everton,38,13,10,15,44,56,-12,49,0,49,12
premier-league,2019-2020,Newcastle,38,11,11,16,38,58,-20,44,0,44,13
premier-league,2019-2020,Crystal Palace,38,11,10,17,31,50,-19,43,0,43,14
premier-league,2019-2020,Brighton,38,9,14,15,39,54,-15,41,0,41,15
premier-league,2019-2020,West Ham,38,10,9,19,49,62,-13,39,0,39,16
premier-league,2019-2020,Aston Villa,38,9,8,21,41,67,-26,35,0,35,17
premier-league,2019-2020,Bournemouth,38,9,7,22,40,65,-25,34,0,34,18
premier-league,2019-2020,Watford,38,8,10,20,36,64,-28,34,0,34,19
premier-league,2019-2020,Norwich,38,5,6,27,26,75,-49,21,0,21,20
premier-league,2020-2021,Man City,38,27,5,6,83,32,51,86,0,86,1
premier-league,2020-2021,Man United,38,21,11,6,73,44,29,74,0,74,2
premier-league,2020-2021,Liverpool,38,20,9,9,68,42,26,69,0,69,3
premier-league,2020-2021,Chelsea,38,19,10,9,58,36,22,67,0,67,4
premier-league,2020-2021,Leicester,38,20,6,12,68,50,18,66,0,66,5
premier-league,2020-2021,West Ham,38,19,8,11,62,47,15,65,0,65,6
premier-league,2020-2021,Tottenham,38,18,8,12,68,45,23,62,0,62,7
premier-league,2020-2021,Arsenal,38,18,7,13,55,39,16,61,0,61,8
premier-league,2020-2021,Leeds,38,18,5,15,62,54,8,59,0,59,9
premier-league,2020-2021,Everton,38,17,8,13,47,48,-1,59,0,59,10
premier-league,2020-2021,Aston Villa,38,16,7,15,55,46,9,55,0,55,11
premier-league,2020-2021,Newcastle,38,12,9,17,46,62,-16,45,0,45,12
premier-league,2020-2021,Wolves,38,12,9,17,36,52,-16,45,0,45,13
premier-league,2020-2021,Crystal Palace,38,12,8,18,41,66,-25,44,0,44,14
premier-league,2020-2021,Southampton,38,12,7,19,47,68,-21,43,0,43,15
premier-league,2020-2021,Brighton,38,9,14,15,40,46,-6,41,0,41,16
premier-league,2020-2021,Burnley,38,10,9,19,33,55,-22,39,0,39,17
premier-league,2020-2021,Fulham,38,5,13,20,27,53,-26,28,0,28,18
premier-league,2020-2021,West Brom,38,5,11,22,35,76,-41,26,0,26,19
premier-league,2020-2021,Sheffield United,38,7,2,29,20,63,-43,23,0,23,20
premier-league,2021-2022,Man City,38,29,6,3,99,26,73,93,0,93,1
premier-league,2021-2022,Liverpool,38,28,8,2,94,26,68,92,0,92,2
premier-league,2021-2022,Chelsea,38,21,11,6,76,33,43,74,0,74,3
premier-league,2021-2022,Tottenham,38,22,5,11,69,40,29,71,0,71,4
premier-league,2021-2022,Arsenal,38,22,3,13,61,48,13,69,0,69,5
premier-league,2021-2022,Man United,38,16,10,12,57,57,0,58,0,58,6
premier-league,2021-2022,West Ham,38,16,8,14,60,51,9,56,0,56,7
premier-league,2021-2022,Leicester,38,14,10,14,62,59,3,52,0,52,8
premier-league,2021-2022,Brighton,38,12,15,11,42,44,-2,51,0,51,9
premier-league,2021-2022,Wolves,38,15,6,17,38,43,-5,51,0,51,10
premier-league,2021-2022,Newcastle,38,13,10,15,44,62,-18,49,0,49,11
premier-league,2021-2022,Crystal Palace,38,11,15,12,50,46,4,48,0,48,12
premier-league,2021-2022,Brentford,38,13,7,18,48,56,-8,46,0,46,13
premier-league,2021-2022,Aston Villa,38,13,6,19,52,54,-2,45,0,45,14
premier-league,2021-2022,Southampton,38,9,13,16,43,67,-24,40,0,40,15
premier-league,2021-2022,Everton,38,11,6,21,43,66,-23,39,0,39,16
premier-league,2021-2022,Leeds,38,9,11,18,42,79,-37,38,0,38,17
premier-league,2021-2022,Burnley,38,7,14,17,34,53,-19,35,0,35,18
premier-league,2021-2022,Watford,38,6,5,27,34,77,-43,23,0,23,19
premier-league,2021-2022,Norwich,38,5,7,26,23,84,-61,22,0,22,20
premier-league,2022-2023,Man City,38,28,5,5,94,33,61,89,0,89,1
premier-league,2022-2023,Arsenal,38,26,6,6,88,43,45,84,0,84,2
premier-league,2022-2023,Man United,38,23,6,9,58,43,15,75,0,75,3
premier-league,2022-2023,Newcastle,38,19,14,5,68,33,35,71,0,71,4
premier-league,2022-2023,Liverpool,38,19,10,9,75,47,28,67,0,67,5
premier-league,2022-2023,Brighton,38,18,8,12,72,53,19,62,0,62,6
premier-league,2022-2023,Aston Villa,38,18,7,13,51,46,5,61,0,61,7
premier-league,2022-2023,Tottenham,38,18,6,14,70,63,7,60,0,60,8
premier-league,2022-2023,Brentford,38,15,14,9,58,46,12,59,0,59,9
premier-league,2022-2023,Fulham,38,15,7,16,55,53,2,52,0,52,10
premier-league,2022-2023,Crystal Palace,38,11,12,15,40,49,-9,45,0,45,11
premier-league,2022-2023,Chelsea,38,11,11,16,38,47,-9,44,0,44,12
premier-league,2022-2023,Wolves,38,11,8,19,31,58,-27,41,0,41,13
premier-league,2022-2023,West Ham,38,11,7,20,42,55,-13,40,0,40,14
premier-league,2022-2023,Bournemouth,38,11,6,21,37,71,-34,39,0,39,15
premier-league,2022-2023,Nott'm Forest,38,9,11,18,38,68,-30,38,0,38,16
premier-league,2022-2023,Everton,38,8,12,18,34,57,-23,36,0,36,17
premier-league,2022-2023,Leicester,38,9,7,22,51,68,-17,34,0,34,18
premier-league,2022-2023,Leeds,38,7,10,21,48,78,-30,31,0,31,19
premier-league,2022-2023,Southampton,38,6,7,25,36,73,-37,25,0,25,20
premier-league,2023-2024,Man City,38,28,7,3,96,34,62,91,0,91,1
premier-league,2023-2024,Arsenal,38,28,5,5,91,29,62,89,0,89,2
premier-league,2023-2024,Liverpool,38,24,10,4,86,41,45,82,0,82,3
premier-league,2023-2024,Aston Villa,38,20,8,10,76,61,15,68,0,68,4
premier-league,2023-2024,Tottenham,38,20,6,12,74,61,13,66,0,66,5
premier-league,2023-2024,Chelsea,38,18,9,11,77,63,14,63,0,63,6
premier-league,2023-2024,Newcastle,38,18,6,14,85,62,23,60,0,60,7
premier-league,2023-2024,Man United,38,18,6,14,57,58,-1,60,0,60,8
premier-league,2023-2024,West Ham,38,14,10,14,60,74,-14,52,0,52,9
premier-league,2023-2024,Crystal Palace,38,13,10,15,57,58,-1,49,0,49,10
premier-league,2023-2024,Brighton,38,12,12,14,55,62,-7,48,0,48,11
premier-league,2023-2024,Bournemouth,38,13,9,16,54,67,-13,48,0,48,12
premier-league,2023-2024,Fulham,38,13,8,17,55,61,-6,47,0,47,13
premier-league,2023-2024,Wolves,38,13,7,18,50,65,-15,46,0,46,14
premier-league,2023-2024,Everton,38,13,9,16,40,51,-11,48,-8,40,15
premier-league,2023-2024,Brentford,38,10,9,19,56,65,-9,39,0,39,16
premier-league,2023-2024,Nott'm Forest,38,9,9,20,49,67,-18,36,-4,32,17
premier-league,2023-2024,Luton,38,6,8,24,52,85,-33,26,0,26,18
premier-league,2023-2024,Burnley,38,5,9,24,41,78,-37,24,0,24,19
premier-league,2023-2024,Sheffield United,38,3,7,28,35,104,-69,16,0,16,20
ligue-1,2014-2015,Paris SG,38,24,11,3,83,36,47,83,0,83,1
ligue-1,2014-2015,Lyon,38,22,9,7,72,33,39,75,0,75,2
ligue-1,2014-2015,Monaco,38,20,11,7,51,26,25,71,0,71,3
ligue-1,2014-2015,Marseille,38,21,6,11,76,42,34,69,0,69,4
ligue-1,2014-2015,St Etienne,38,19,12,7,51,30,21,69,0,69,5
ligue-1,2014-2015,Bordeaux,38,17,12,9,47,44,3,63,0,63,6
ligue-1,2014-2015,Montpellier,38,16,8,14,46,39,7,56,0,56,7
ligue-1,2014-2015,Lille,38,16,8,14,43,42,1,56,0,56,8
ligue-1,2014-2015,Rennes,38,13,11,14,35,42,-7,50,0,50,9
ligue-1,2014-2015,Guingamp,38,15,4,19,41,55,-14,49,0,49,10
ligue-1,2014-2015,Nice,38,13,9,16,44,53,-9,48,0,48,11
ligue-1,2014-2015,Bastia,38,12,11,15,37,46,-9,47,0,47,12
ligue-1,2014-2015,Caen,38,12,10,16,54,55,-1,46,0,46,13
ligue-1,2014-2015,Nantes,38,11,12,15,29,40,-11,45,0,45,14
ligue-1,2014-2015,Reims,38,12,8,18,47,66,-19,44,0,44,15
ligue-1,2014-2015,Lorient,38,12,7,19,44,50,-6,43,0,43,16
ligue-1,2014-2015,Toulouse,38,12,6,20,43,64,-21,42,0,42,17
ligue-1,2014-2015,Evian Thonon Gaillard,38,11,4,23,41,62,-21,37,0,37,18
ligue-1,2014-2015,Metz,38,7,9,22,31,61,-30,30,0,30,19
ligue-1,2014-2015,Lens,38,7,8,23,32,61,-29,29,0,29,20
ligue-1,2015-2016,Paris SG,38,30,6,2,102,19,83,96,0,96,1
ligue-1,2015-2016,Lyon,38,19,8,11,67,43,24,65,0,65,2
ligue-1,2015-2016,Monaco,38,17,14,7,57,50,7,65,0,65,3
ligue-1,2015-2016,Nice,38,18,9,11,58,41,17,63,0,63,4
ligue-1,2015-2016,Lille,38,15,15,8,39,27,12,60,0,60,5
ligue-1,2015-2016,St Etienne,38,17,7,14,42,37,5,58,0,58,6
ligue-1,2015-2016,Caen,38,16,6,16,39,52,-13,54,0,54,7
ligue-1,2015-2016,Rennes,38,13,13,12,52,54,-2,52,0,52,8
ligue-1,2015-2016,Angers,38,13,11,14,40,38,2,50,0,50,9
ligue-1,2015-2016,Bastia,38,14,8,16,36,42,-6,50,0,50,10
ligue-1,2015-2016,Bordeaux,38,12,14,12,50,57,-7,50,0,50,11
ligue-1,2015-2016,Montpellier,38,14,7,17,49,47,2,49,0,49,12
ligue-1,2015-2016,Marseille,38,10,18,10,48,42,6,48,0,48,13
ligue-1,2015-2016,Nantes,38,12,12,14,33,44,-11,48,0,48,14
ligue-1,2015-2016,Lorient,38,11,13,14,47,58,-11,46,0,46,15
ligue-1,2015-2016,Guingamp,38,11,11,16,47,56,-9,44,0,44,16
ligue-1,2015-2016,Toulouse,38,9,13,16,45,55,-10,40,0,40,17
ligue-1,2015-2016,Reims,38,10,9,19,44,57,-13,39,0,39,18
ligue-1,2015-2016,Ajaccio GFCO,38,8,13,17,37,58,-21,37,0,37,19
ligue-1,2015-2016,Troyes,38,3,9,26,28,83,-55,18,0,18,20
ligue-1,2016-2017,Monaco,38,30,5,3,107,31,76,95,0,95,1
ligue-1,2016-2017,Paris SG,38,27,6,5,83,27,56,87,0,87,2
ligue-1,2016-2017,Nice,38,22,12,4,63,36,27,78,0,78,3
ligue-1,2016-2017,Lyon,38,21,4,13,80,48,32,67,0,67,4
ligue-1,2016-2017,Marseille,38,17,11,10,57,41,16,62,0,62,5
ligue-1,2016-2017,Bordeaux,38,15,14,9,53,43,10,59,0,59,6
ligue-1,2016-2017,Nantes,38,14,9,15,40,54,-14,51,0,51,7
ligue-1,2016-2017,St Etienne,38,12,14,12,41,42,-1,50,0,50,8
ligue-1,2016-2017,Rennes,38,12,14,12,36,42,-6,50,0,50,9
ligue-1,2016-2017,Guingamp,38,14,8,16,46,53,-7,50,0,50,10
ligue-1,2016-2017,Lille,38,13,7,18,40,47,-7,46,0,46,11
ligue-1,2016-2017,Angers,38,13,7,18,40,49,-9,46,0,46,12
ligue-1,2016-2017,Toulouse,38,10,14,14,37,41,-4,44,0,44,13
ligue-1,2016-2017,Metz,38,11,10,17,39,72,-33,43,0,43,14
ligue-1,2016-2017,Montpellier,38,10,9,19,48,66,-18,39,0,39,15
ligue-1,2016-2017,Dijon,38,8,13,17,46,58,-12,37,0,37,16
ligue-1,2016-2017,Caen,38,10,7,21,36,65,-29,37,0,37,17
ligue-1,2016-2017,Lorient,38,10,6,22,44,70,-26,36,0,36,18
ligue-1,2016-2017,Nancy,38,9,8,21,29,52,-23,35,0,35,19
ligue-1,2016-2017,Bastia,38,8,10,20,29,57,-28,34,0,34,20
ligue-1,2017-2018,Paris SG,38,29,6,3,108,29,79,93,0,93,1
ligue-1,2017-2018,Monaco,38,24,8,6,85,45,40,80,0,80,2
ligue-1,2017-2018,Lyon,38,23,9,6,87,43,44,78,0,78,3
ligue-1,2017-2018,Marseille,38,22,11,5,80,47,33,77,0,77,4
ligue-1,2017-2018,Rennes,38,16,10,12,50,44,6,58,0,58,5
ligue-1,2017-2018,Bordeaux,38,16,7,15,53,48,5,55,0,55,6
ligue-1,2017-2018,St Etienne,38,15,10,13,47,50,-3,55,0,55,7
ligue-1,2017-2018,Nice,38,15,9,14,53,52,1,54,0,54,8
ligue-1,2017-2018,Nantes,38,14,10,14,36,41,-5,52,0,52,9
ligue-1,2017-2018,Montpellier,38,11,18,9,36,33,3,51,0,51,10
ligue-1,2017-2018,Dijon,38,13,9,16,55,73,-18,48,0,48,11
ligue-1,2017-2018,Guingamp,38,12,11,15,48,59,-11,47,0,47,12
ligue-1,2017-2018,Amiens,38,12,9,17,37,42,-5,45,0,45,13
ligue-1,2017-2018,Angers,38,9,14,15,42,52,-10,41,0,41,14
ligue-1,2017-2018,Strasbourg,38,9,11,18,44,67,-23,38,0,38,15
ligue-1,2017-2018,Caen,38,10,8,20,27,52,-25,38,0,38,16
ligue-1,2017-2018,Lille,38,10,8,20,41,67,-26,38,0,38,17
ligue-1,2017-2018,Toulouse,38,9,10,19,38,54,-16,37,0,37,18
ligue-1,2017-2018,Troyes,38,9,6,23,32,59,-27,33,0,33,19
ligue-1,2017-2018,Metz,38,6,8,24,34,76,-42,26,0,26,20
ligue-1,2018-2019,Paris SG,38,29,4,5,105,35,70,91,0,91,1
ligue-1,2018-2019,Lille,38,22,9,7,68,33,35,75,0,75,2
ligue-1,2018-2019,Lyon,38,21,9,8,70,47,23,72,0,72,3
ligue-1,2018-2019,St Etienne,38,19,9,10,59,41,18,66,0,66,4
ligue-1,2018-2019,Marseille,38,18,7,13,60,52,8,61,0,61,5
ligue-1,2018-2019,Montpellier,38,15,14,9,53,42,11,59,0,59,6
ligue-1,2018-2019,Nice,38,15,11,12,30,35,-5,56,0,56,7
ligue-1,2018-2019,Reims,38,13,16,9,39,42,-3,55,0,55,8
ligue-1,2018-2019,Nimes,38,15,8,15,57,58,-1,53,0,53,9
ligue-1,2018-2019,Rennes,38,13,13,12,55,52,3,52,0,52,10
ligue-1,2018-2019,Strasbourg,38,11,16,11,58,48,10,49,0,49,11
ligue-1,2018-2019,Nantes,38,13,9,16,48,48,0,48,0,48,12
ligue-1,2018-2019,Angers,38,10,16,12,44,49,-5,46,0,46,13
ligue-1,2018-2019,Bordeaux,38,10,11,17,34,42,-8,41,0,41,14
ligue-1,2018-2019,Amiens,38,9,11,18,31,52,-21,38,0,38,15
ligue-1,2018-2019,Toulouse,38,8,14,16,35,57,-22,38,0,38,16
ligue-1,2018-2019,Monaco,38,8,12,18,38,57,-19,36,0,36,17
ligue-1,2018-2019,Dijon,38,9,7,22,31,60,-29,34,0,34,18
ligue-1,2018-2019,Caen,38,7,12,19,29,54,-25,33,0,33,19
ligue-1,2018-2019,Guingamp,38,5,12,21,28,68,-40,27,0,27,20
ligue-1,2019-2020,Paris SG,27,22,2,3,75,24,51,68,0,68,1
ligue-1,2019-2020,Marseille,28,16,8,4,41,29,12,56,0,56,2
ligue-1,2019-2020,Rennes,28,15,5,8,38,24,14,50,0,50,3
ligue-1,2019-2020,Lille,28,15,4,9,35,27,8,49,0,49,4
ligue-1,2019-2020,Reims,28,10,11,7,26,21,5,41,0,41,5
ligue-1,2019-2020,Nice,28,11,8,9,41,38,3,41,0,41,6
ligue-1,2019-2020,Lyon,28,11,7,10,42,27,15,40,0,40,7
ligue-1,2019-2020,Montpellier,28,11,7,10,35,34,1,40,0,40,8
ligue-1,2019-2020,Monaco,28,11,7,10,44,44,0,40,0,40,9
ligue-1,2019-2020,Angers,28,11,6,11,28,33,-5,39,0,39,10
ligue-1,2019-2020,Strasbourg,27,11,5,11,32,32,0,38,0,38,11
ligue-1,2019-2020,Bordeaux,28,9,10,9,40,34,6,37,0,37,12
ligue-1,2019-2020,Nantes,28,11,4,13,28,31,-3,37,0,37,13
ligue-1,2019-2020,Brest,28,8,10,10,34,37,-3,34,0,34,14
ligue-1,2019-2020,Metz,28,8,10,10,27,35,-8,34,0,34,15
ligue-1,2019-2020,Dijon,28,7,9,12,27,37,-10,30,0,30,16
ligue-1,2019-2020,St Etienne,28,8,6,14,29,45,-16,30,0,30,17
ligue-1,2019-2020,Nimes,28,7,6,15,29,44,-15,27,0,27,18
ligue-1,2019-2020,Amiens,28,4,11,13,31,50,-19,23,0,23,19
ligue-1,2019-2020,Toulouse,28,3,4,21,22,58,-36,13,0,13,20
ligue-1,2020-2021,Lille,38,24,11,3,64,23,41,83,0,83,1
ligue-1,2020-2021,Paris SG,38,26,4,8,86,28,58,82,0,82,2
ligue-1,2020-2021,Monaco,38,24,6,8,76,42,34,78,0,78,3
ligue-1,2020-2021,Lyon,38,22,10,6,81,43,38,76,0,76,4
ligue-1,2020-2021,Marseille,38,16,12,10,54,47,7,60,0,60,5
ligue-1,2020-2021,Rennes,38,16,10,12,52,40,12,58,0,58,6
ligue-1,2020-2021,Lens,38,15,12,11,55,54,1,57,0,57,7
ligue-1,2020-2021,Montpellier,38,14,12,12,60,62,-2,54,0,54,8
ligue-1,2020-2021,Nice,38,15,7,16,50,53,-3,52,0,52,9
ligue-1,2020-2021,Metz,38,12,11,15,44,48,-4,47,0,47,10
ligue-1,2020-2021,St Etienne,38,12,10,16,42,54,-12,46,0,46,11
ligue-1,2020-2021,Bordeaux,38,13,6,19,42,56,-14,45,0,45,12
ligue-1,2020-2021,Angers,38,12,8,18,40,58,-18,44,0,44,13
ligue-1,2020-2021,Reims,38,9,15,14,42,50,-8,42,0,42,14
ligue-1,2020-2021,Strasbourg,38,11,9,18,49,58,-9,42,0,42,15
ligue-1,2020-2021,Lorient,38,11,9,18,50,68,-18,42,0,42,16
ligue-1,2020-2021,Brest,38,11,8,19,50,66,-16,41,0,41,17
ligue-1,2020-2021,Nantes,38,9,13,16,47,55,-8,40,0,40,18
ligue-1,2020-2021,Nimes,38,9,8,21,40,71,-31,35,0,35,19
ligue-1,2020-2021,Dijon,38,4,9,25,25,73,-48,21,0,21,20
ligue-1,2021-2022,Paris SG,38,26,8,4,90,36,54,86,0,86,1
ligue-1,2021-2022,Marseille,38,21,8,9,63,38,25,71,0,71,2
ligue-1,2021-2022,Monaco,38,20,9,9,65,40,25,69,0,69,3
ligue-1,2021-2022,Nice,38,20,7,11,52,36,16,67,0,67,4
ligue-1,2021-2022,Rennes,38,20,6,12,82,40,42,66,0,66,5
ligue-1,2021-2022,Strasbourg,38,17,12,9,60,43,17,63,0,63,6
ligue-1,2021-2022,Lyon,38,17,11,10,66,51,15,62,0,62,7
ligue-1,2021-2022,Lens,38,17,11,10,62,48,14,62,0,62,8
ligue-1,2021-2022,Nantes,38,15,10,13,55,48,7,55,0,55,9
ligue-1,2021-2022,Lille,38,14,13,11,48,48,0,55,0,55,10
ligue-1,2021-2022,Brest,38,13,9,16,49,57,-8,48,0,48,11
ligue-1,2021-2022,Reims,38,11,13,14,43,44,-1,46,0,46,12
ligue-1,2021-2022,Montpellier,38,12,7,19,49,61,-12,43,0,43,13
ligue-1,2021-2022,Angers,38,10,11,17,44,55,-11,41,0,41,14
ligue-1,2021-2022,Troyes,38,9,11,18,37,53,-16,38,0,38,15
ligue-1,2021-2022,Lorient,38,8,12,18,35,63,-28,36,0,36,16
ligue-1,2021-2022,Clermont,38,9,9,20,38,69,-31,36,0,36,17
ligue-1,2021-2022,St Etienne,38,7,11,20,42,77,-35,32,0,32,18
ligue-1,2021-2022,Metz,38,6,13,19,35,69,-34,31,0,31,19
ligue-1,2021-2022,Bordeaux,38,6,13,19,52,91,-39,31,0,31,20
ligue-1,2022-2023,Paris SG,38,27,4,7,89,40,49,85,0,85,1
ligue-1,2022-2023,Lens,38,25,9,4,68,29,39,84,0,84,2
ligue-1,2022-2023,Marseille,38,22,7,9,67,40,27,73,0,73,3
ligue-1,2022-2023,Rennes,38,21,5,12,69,39,30,68,0,68,4
ligue-1,2022-2023,Lille,38,19,10,9,65,44,21,67,0,67,5
ligue-1,2022-2023,Monaco,38,19,8,11,70,58,12,65,0,65,6
ligue-1,2022-2023,Lyon,38,18,8,12,65,47,18,62,0,62,7
ligue-1,2022-2023,Clermont,38,17,8,13,45,49,-4,59,0,59,8
ligue-1,2022-2023,Nice,38,15,13,10,48,37,11,58,0,58,9
ligue-1,2022-2023,Lorient,38,15,10,13,52,53,-1,55,0,55,10
ligue-1,2022-2023,Reims,38,12,15,11,45,45,0,51,0,51,11
ligue-1,2022-2023,Montpellier,38,15,5,18,65,62,3,50,0,50,12
ligue-1,2022-2023,Toulouse,38,13,9,16,51,57,-6,48,0,48,13
ligue-1,2022-2023,Brest,38,11,11,16,44,54,-10,44,0,44,14
ligue-1,2022-2023,Strasbourg,38,9,13,16,51,59,-8,40,0,40,15
ligue-1,2022-2023,Nantes,38,7,15,16,37,55,-18,36,0,36,16
ligue-1,2022-2023,Auxerre,38,8,11,19,35,63,-28,35,0,35,17
ligue-1,2022-2023,Ajaccio,38,7,5,26,23,74,-51,26,0,26,18
ligue-1,2022-2023,Troyes,38,4,12,22,45,81,-36,24,0,24,19
ligue-1,2022-2023,Angers,38,4,6,28,33,81,-48,18,0,18,20
ligue-1,2023-2024,Paris SG,34,22,10,2,81,33,48,76,0,76,1
ligue-1,2023-2024,Monaco,34,20,7,7,68,42,26,67,0,67,2
ligue-1,2023-2024,Brest,34,17,10,7,53,34,19,61,0,61,3
ligue-1,2023-2024,Lille,34,16,11,7,52,34,18,59,0,59,4
ligue-1,2023-2024,Nice,34,15,10,9,40,29,11,55,0,55,5
ligue-1,2023-2024,Lyon,34,16,5,13,49,55,-6,53,0,53,6
ligue-1,2023-2024,Lens,34,14,9,11,45,37,8,51,0,51,7
ligue-1,2023-2024,Marseille,34,13,11,10,52,41,11,50,0,50,8
ligue-1,2023-2024,Reims,34,13,8,13,42,47,-5,47,0,47,9
ligue-1,2023-2024,Rennes,34,12,10,12,53,46,7,46,0,46,10
ligue-1,2023-2024,Toulouse,34,11,10,13,42,46,-4,43,0,43,11
ligue-1,2023-2024,Montpellier,34,10,12,12,43,48,-5,42,0,42,12
ligue-1,2023-2024,Strasbourg,34,10,9,15,38,50,-12,39,0,39,13
ligue-1,2023-2024,Nantes,34,9,6,19,30,55,-25,33,0,33,14
ligue-1,2023-2024,Le Havre,34,7,11,16,34,45,-11,32,0,32,15
ligue-1,2023-2024,Lorient,34,7,8,19,43,66,-23,29,0,29,16
ligue-1,2023-2024,Metz,34,8,5,21,35,58,-23,29,0,29,17
ligue-1,2023-2024,Clermont,34,5,10,19,26,60,-34,25,0,25,18
