deal,club,league,date,stake_pct,price_gbp_m,implied_equity_value_gbp_m,value_basis,revenue_source,revenue_at_deal_gbp_m,notes,citation
Chelsea/BlueCo,Chelsea,premier-league,2022-05-30,100,2500,2500,equity purchase price (GBP 1.75bn infra commitments excluded from EV multiple),ch_financials fy2022,481.3,"UCL winner 2021; trophy asset; forced sale (sanctions) yet competitive auction","https://www.skysports.com/football/news/11668/12620985/chelsea-takeover-todd-boehly-completes-lb4-25bn-takeover-as-roman-abramovich-era-ends"
Newcastle/PIF,Newcastle United,premier-league,2021-10-07,100,305,305,equity purchase price,ch_financials fy2021,140.2,"distressed-ish seller (Ashley); pre-takeover mid-table; no European football","https://www.pif.gov.sa/en/news-and-insights/press-releases/2021/nufc/"
Milan/RedBird,AC Milan,serie-a,2022-08-31,99.9,1010,1010,EUR 1.2bn enterprise value converted at 0.842 GBP/EUR (Aug-2022 monthly mean; macro_monthly.csv),cited public FY2021-22,251,"EUR 297.6m FY22 revenue (club accounts as reported); Serie A champions 2022; cross-league comp","https://www.globenewswire.com/news-release/2022/08/31/2507657/0/en/RedBird-Capital-Partners-Completes-Acquisition-of-AC-Milan.html"
Lyon/Eagle,Lyon,ligue-1,2022-12-19,77.49,529,744,EUR 884m post-raise enterprise value per AMF filing converted at 0.867 GBP/EUR (Dec-2022 monthly mean),cited public FY2021-22,198,"EUR 228.1m OL Groupe FY22 revenue (annual report); includes women's club + arena","https://theesk.org/2026/06/29/the-analysis-series-olympique-lyonnais-two-ownership-transactions-the-2022-eagle-football-john-textor-acquisition-and-the-2026-michele-kang-olympe-bidco-acquisition/"
Villa/NSWE,Aston Villa,premier-league,2018-07-20,55,30,55,equity stake grossed up; DISTRESSED (Xia liquidity crisis; Championship club),ch_financials fy2018,64.6,"pre-promotion; textbook distressed floor comp","https://www.bloomberg.com/news/articles/2018-07-20/billionaire-sawiris-wes-edens-to-buy-aston-villa-club-stake"
Burnley/ALK,Burnley,premier-league,2020-12-31,84,170,202,reported deal value grossed up from 84% stake (leveraged buyout),ch_financials fy2020,135,"mid-table PL; COVID-window pricing; heavy leverage flagged","https://burnleyfootballclub.com/content/alk-capital-completes-club-takoeover"
WestHam/Kretinsky,West Ham,premier-league,2021-11-10,27,162,600,minority stake at reported GBP 600m club valuation (SportsPro); minority = no control premium,ch_financials fy2021,193,"Europa League season; minority discount noted","https://www.sportspro.com/news/west-ham-daniel-kretinsky-minority-owner-stake-value/"
Bournemouth/Foley,Bournemouth,premier-league,2022-12-14,100,120,120,reported deal value 'in excess of GBP 100m' - low end 120 used with range flag,ch_financials fy2022,71.3,"newly promoted; small stadium; entered MCO strategy","https://www.skysports.com/football/news/11743/12767270/bournemouth-takeover-american-businessman-bill-foleys-consortium-completes-purchase-worth-over-lb100m"
Everton/Friedkin,Everton,premier-league,2024-12-19,98.8,405,410,undisclosed; BBC-reported 'in excess of GBP 400m' incl. stadium debt assumption - flagged estimate,ch_financials fy2024,186.9,"new stadium asset; PSR distress discount; value basis softest in table","https://www.usnews.com/news/sports/articles/2024-12-19/texas-based-friedkin-group-completes-purchase-of-premier-league-team-everton"
